company,ticker,exchange,date,analyst_name,question,label
JPMorgan Chase & Co.,JPM,NYSE,2024-12-10,Marianne Lake,"Yeah. So, the sort of honest answer on tightening as we always are, we're always adjusting everything at the margin in response to what we see in very specific pockets. And so, we talked, I think, over the course of the last several years that there was some tightening. Across asset classes, there was a little bit of negative selection. Principally, you've seen it in auto, in subprime auto most notably, a little bit also in credit card. I would say we expected some or most of that, but the whole industry and we were no exception, were tightening at the margin throughout 2022 and 2023 in response to where we saw pockets of underperformance or deterioration in both card and in auto. Still kind of marginal, obviously. So, card is the elephant in the room as it relates to loss drivers and it's coming in line exactly with our expectations in 2024. And to the degree that we would look forward and expect there to be any changes, it's going to be driven by macro factors. So, unemployment or balances more so than we're seeing any kind of performance issues in the portfolio. There was a lot of noise, noise isn't really the right word. There was a lot of discussion around auto, I think, in the sort of September conference circuit. The reality in auto is that there were a couple of inches that were that performed less well. Mostly, we expected that, and so it was priced in and in our expectations. A little bit, it was worse than our expectations, but we saw it really fast and pull back really hard. And it's a very small percentage of what we do, so it's made no substantial difference to our outlook. I think to the degree that others were more concentrated and or adjusted less quickly, it had a bigger impact. We don't see that as being a read across to any kind of more broad deterioration. Home lending is clean. And so, I would say the only place where we're seeing pockets of underperformance right now that's a little newer is in the small business card and small dollar lending portfolio for us. But I would characterize it a little bit more of an expansion in our risk appetite than deterioration. So, we're watching that closely, and we are tightening there. It's not something that I'm concerned about at this point. But if I was to say that there's anything that we've seen a little bit more recently, it would be there.",Alarmed
Helen of Troy Limited,HELE,NASDAQ,2024-07-09,Peter Grom,"Okay. That's really helpful. And then just maybe two quick follow-ups. Just on the outdoor declines, can you maybe just talk about the channel more broadly? A lot of the commentary seems to be concentrated in packs rather than weakness across the entire channel, but I'm not sure if that's a fair read or not. And then on Hydro Flask, you mentioned you're disappointed with North America performance, maybe could you unpack that a bit more? Is that a function of category softness? Or are you seeing share losses versus some of the brands in the category. Thanks.",Alarmed
Amdocs Limited,DOX,NASDAQ,2024-11-12,Tal Liani,"I normally don't give compliments to management teams on the call, but I want to give you a compliment for the transparency and great detail in your presentation. Very clear. But now comes the tough question. You pay for it now. I want to continue the last question in a different angle. So if I remove the 600 million, I'm still at the same growth rate of last year, which means, and that's the midpoint, which means the environment. So I assume, I just assumed that the 600 million didn't have a high growth rate. So that means the core business is x the 600 million is likely continuing the same weakness of last year. And the question is about the spending environment. I don't have, I don't think looking at your presentation, which is excellent and understanding what you're doing. I don't think we had any concerns whatsoever with what you offer with your portfolio, with your added value, but we do have a concern over the spending environment. So can you take us through what happened in 2024, meaning how the environment deteriorated? What have you seen in 2024 and your expectations for 2025 when it comes to the spending environment, to the willingness of customers to spend money on these kinds of projects and what changes the current weakness that we're seeing?",Alarmed
Spotify Technology S.A.,SPOT,NYSE,2024-11-12,Daniel Ek,"I think it's early days, but I do believe we turn a corner and are back to growth again on the MAU side. And I'm happy about that because I wasn't happy about us missing the prior forecast. So it feels like we've got a good grip of it now. Now, as it relates to what do we do to make that happen, the reality is it's a bunch of different things, but the chief among them is really product improvements. So, lots of small tweaks that have been driving good results. Things in the past that's probably weren't smart, we've reversed. We've added new things as well. All that's created the backdrop of stronger engagement, which then translates to more MAU. Then as you mentioned, on the marketing side, we have improved there too. So we have spent a little bit more on marketing. Now it's important to add why didn't we do that prior. Well, we didn't do that because we weren't seeing efficiency. So as we're seeing more efficiency, i.e., the SAC to LTV ratio that Christian spoke about, then we are happy to spend. Why wouldn't we be? So the team has been working on a bunch of those things. And if we see great opportunities with great SAC to LTV ratios, we will pursue them. If nothing else, the core will be about improving engagement on the product, improving efficiency on marketing.",Alarmed
ORIX Corporation,IX,NYSE,2024-11-11,Naruhiko Sakamaki,"Yes. It's Sakamaki from Mizuho Securities. I have 1 question. So the asset, the credit status of your assets, I would like to confirm. So data book on Page 27 or 28. Using this, if you could respond, that will be helpful. So the concerns that I have are the allowance for the credit loss from end of June, we can see the trend. But as you explained in the U.S., the credit, you're very prudent in provisioning and perhaps there are some concerns. So why did your concern come down since then?",Alarmed
News Corporation,NWSA,NASDAQ,2024-11-09,Entcho Raykovski,"Hi, Robert. Hi, Susan. Before I ask my questions, Susan, all the best for life after News Corp. So my question is really two-fold. Firstly, looking at advertising at Dow Jones, it has suffered and it's underperformed some peers. I mean, you obviously acknowledged some of the weakness and I get that it's a smaller part of the segment, but are there any business-specific issues or factors which are causing this and what is your thinking around when we might see a recovery? And just secondly, the Foxtel shareholder loans, I think I can probably say that there has been a more recent repayment. Are you able to give us an indication of where they sit now post that repayment, and apologies if I missed this. Thank you.",Alarmed
Citigroup Inc.,C,NYSE,2024-07-12,Mike Mayo,"Hi. Could you elaborate more on the amended consent order? Jane, you said it was disappointing to have gotten that this week. It's almost four years into the consent order. And a little bit why it hasn't been resolved? And what's on the -- that's the loss column, and maybe a little bit more on the win column, too. I mean you have, what, 12,000 people thrown at the problem, billions of dollars. Is it not enough people? Not enough money? Is it -- do you need to look at it in a different way? Are you not talking the same language? I mean, you have John Dugan as your Lead Independent Director, exit of the OCC, and it seems like you got your report card, I guess you passed overall, they went out of the way to say some nice things, but it looks like you got failing grades and data and regulatory management. So, your confidence is going to be resolved, but it's already been four years and it hasn't been resolved. So, what is it going to take from here? And how can you resolve the regulatory concerns while continuing or serving shareholders better? And then, in the win column, since it's so nebulous this back-office, what are you achieving? You mentioned some items, but you could put more meat on those bones? Thanks.",Alarmed
"PepsiCo, Inc.",PEP,NASDAQ,2024-07-11,Kevin Grundy,"Great, thanks. Good morning, everyone. Covered a lot of ground, and not to beat a dead horse, but just to drill down a couple of areas, Ramon, if we could on the demand weakness in snack. So you mentioned some parts of the portfolio, but not all consumers. I apologize if I missed this. What are you seeing beyond the low income consumer? It's a lot of focus on where's the consumer and depends on which management call you're listening to or what industry frankly. What are you seeing specifically with the middle and high-end consumer? Is the weakness also being seen among that cohort as well? And then I think an important question as well, is there anything you're seeing in your market research? I know you're staying close to the consumer that gives you any pause with the longer term outlook for the Frito business, which has been so strong for so long. Is there anything there that kind of gives you pause or you do this to be entirely transitory? So thanks for that.",Alarmed
GEE Group Inc.,JOB,NYSE,2024-12-20,A - Derek Dewan,"So the first question that we have is, at what price would you start buying back stock? We are approaching net cash value on the company. So the answer to that is we constantly evaluate alternative uses of our capital. And the question is very relevant at these levels of our trading. The comment was you could be buying cash back at a discount. And it's kind of interesting, we're trading about at our cash level right now on a market cap basis. The Board of Directors and senior management have had discussions regarding capital allocation. And my response to that is: stay tuned. I think that we will move forward as appropriate and do our capital allocation. We have enough cash and liquidity to do a lot. We do want to protect our balance sheet as well as we get out of these rough times. And we anticipate a more favorable economic environment for our business going forward. Political climate is better for us in terms of labor laws and rules. And we look forward to restoring profitability. So the buyback is definitely something we consider, and stay tuned regarding it and our M&A activity, and hopefully, restoration of profitability in the near term. Another question is, The company has grown in size over the years since 2015? Quite frankly, in 2015 when we took over the company, the company was ready to be delisted, had heavy debt, was losing money. We turned the corner, had several great years of profitability, made strategic acquisitions, built the company up, and performed quite well over a period of years. We ran into a rough spot during COVID. But we were able to last through COVID and come out of that pretty good. I think we're kind of in the same situation now and are looking for the same type of recovery post-deal. The question two is: What happened to results industry versus your results? We were geared -- we had about 18% -- 13% to 18% perm, in that range. And we had a perm year in 2022 that was a record. Permanent placements is the first part of our staffing business that would get hit when there's a hiring freeze or a downturn or perceived economic weakness in our economy. Also project work would be put on hold for fear of the unknown. And there's been a lot of pauses and continuing IT projects, engaging in new ones and so forth. We're starting to see that change and we're very optimistic over a period of months that we will get back to where we were before. Why is the company less profitable? As I said, during COVID versus now? The difference is, during COVID, that was a force that was layered upon a good economy. And business continued mostly remote as we had almost 100% remote workers at that time. And in particular, the IT business was very robust with projects that had started and continued because that could be done remotely, and the perm business was pretty solid. Despite that, they were perming -- firm hires and putting them remote. So it was an interesting dynamic. And we flew out of the 2020 malaise of COVID into 2021 and 2022 with very good years, and the first part of 2023 was outstanding relative. But we started to see that weakness, as we said earlier, in the middle, latter part of 2023, that's continued into 2024. Optimism for 2025 is out there. Industry leaders feel that way. And we share that sentiment. It will be a gradual process, but we're very excited about moving forward. But we will also adjust our income statement based on the current revenue to restore profitability and, of course, look for new business, new business from existing customers, new clients, and, of course, make strategic acquisitions, and then reexamine our capital allocation strategy. Another question, Kim, this one is for you. What is the quarterly annual revenue level to achieve breakeven results? What is the annual revenue level needed to generate $5 million to $10 million in EBITDA as you were not too long ago? That's an outstanding question and something we look at regularly. Kim, go ahead and take this.",Alarmed
Soho House & Co Inc.,SHCO,NYSE,2024-12-19,Steven Zaccone,"Congratulations on the offer. Maybe, Thomas, could we just talk through some of the last commentary you gave there about the guidance change. So it sounds like $21 million reduction in EBITDA, approximately half of that we should think is onetime in nature as we think about next year? And then just on the cadence of like-for-like sales. When you talked about some of that weakness in October and then things got better in November, was there notable differences by region, like was it primarily continued weakness in the US underperforming? Any geographical comment would be helpful there.",Alarmed
Soho House & Co Inc.,SHCO,NYSE,2024-12-19,Stephen Grambling,"And then I think I heard in this -- this has come up a couple of times, but you made a comment that the third quarter like-for-like in North America, I think, was weaker, then it's been choppy October, November time frame. And I think you touched on this a little bit, maybe I missed it. But just is there -- are there specific houses in the third quarter? Like when you put on a broader lens, what do you think has been driving some of that choppy behavior?",Alarmed
"Lamb Weston Holdings, Inc.",LW,NYSE,2024-12-19,Alexia Howard,"Can I turn to the demand side of the equation? We've talked a lot about capacity and competitors this morning. What is your research telling you about the reasons for the weak consumer demand? And I imagine the reasons might be quite different between U.S. and Europe. And specifically, are you seeing any impact at the moment about on the uptake of GLP-1 weight loss drugs, particularly here in the U.S.? I'm just wondering how that informs your expectations about an improvement in demand going forward? And then I have a follow-up. Thank you.",Alarmed
Ark Restaurants Corp.,ARKR,NASDAQ,2024-12-17,Jeffrey Kaminski,"Right. Okay. All right. Fair enough. And then second question, with respect to -- Mike, you had mentioned twice in this call, the stock price going back to when you negotiated the Tampa deal. And with respect to these write-offs, these impairment charges, again, tied into the stock price. Labor costs are what they are, they may have stabilized, but I don't see them. You may really disagree on and going down considerably. Insurance costs may stabilize maybe they won’t, but again I don’t see them coming down. So some of these headwinds exist in the future regardless. Food prices will be volatile, cost of crab, again, volatile. A question I have asked recurring here on these calls, as a shareholder, the share price -- it's hard to benchmark Ark Restaurants against other stocks, but there is a risk on ETF, there are restaurant and leisure indexes, if you will. By any benchmark, Ark stock has dramatically underperformed in years. So you talked about trying to acquire other properties. Right now, that doesn't seem to be happening. There was -- introduced to us probably six months ago, a new concept, the Asian concept that you're working on three months ago. You gave us a progress report. I asked then, if it's successful, what do you expect in terms of revenues and how you've been scaling up? Just looking for some tidbits here as to -- as a shareholder, what's going to drive the stock higher? What are we waiting for? I mean, are you waiting for another acquisition? Or we waiting for the Asian concept to keep up? Or do we think we're going to wake up one day and all of a sudden, labor costs are going to be down and insurance is going to be down? Just give us a little color and guidance as to what we can expect as shareholders?",Alarmed
Adobe Inc.,ADBE,NASDAQ,2024-12-12,Keith Weiss,"Excellent. All right. Thank you guys for taking the question. A lot of excitement from you guys on the conference call about the pace of innovation going on in the business, and we hear that excitement from creative professionals and they talk about an acceleration in the pace of innovation, but apologies to state the obvious, but investors aren't feeling that excitement or aren't showing that excitement. The stock is a major underperformer on a year-to-date basis and it's down again on an after-hours basis today. And I would point to it's the lack of acceleration that we're seeing in the numbers, right? Digital Media net new ARR this quarter grew just -- or in Creative Cloud grew 2%. You're guiding to decelerating growth into the forward year despite all this innovation. And I think the question that it brings up in investors' mind is there's some leak in the bucket, right? All this innovation, new monetization avenues, pricing going up, but the growth is going in the wrong direction. Like is there a part of the equation that's not working? Is there share losses? Is there something that we're not seeing that is taking away that momentum in the numbers that's not -- because we're not seeing the acceleration in the numbers, if you will?",Alarmed
Bank of Montreal,BMO,NYSE,2024-12-05,Darko Mihelic,"Hi, thank you. good morning. I'll be really quick. Piyush, with respect to the learnings and everything you sort of laid out for us in terms of trying to help us assess sort of what went wrong, can you maybe help size this for us? So, for example, if it's the 2021 vintage, there were a higher hold levels at that time, but what's the impairment of that portfolio? What's the size of that portfolio? And how should we think about the comfort level going forward? And I say this from a position of knowing that last year, you were comfortable going forward with credit quality. So, can you maybe size for us that vintage side -- the hold size that went wrong and how that's working through the system today and why that gives you comfort?",Alarmed
Bank of Montreal,BMO,NYSE,2024-12-05,Darko Mihelic,"Okay. And the 2022 vintage, why is there no concern with that vintage of loans?",Alarmed
"Nutanix, Inc.",NTNX,NASDAQ,2024-11-26,Nehal Chokshi,"Yes, thank you. And congrats on this really strong new logo up 50% year-over-year. That's really impressive. I'm trying to put though why is ARR decelerating given this strong land that you're seeing? And then if I look at the incremental ARR i.e. to change quarter-over-quarter for October quarter relative to the year ago quarter that was down a lot as well. So thoughts on why are there such a weak incremental ARR characteristics, especially given the backdrop that you're having such strong land metrics.",Alarmed
Dell Technologies Inc.,DELL,NYSE,2024-11-26,Toni Sacconaghi,"Yes, thank you. I'm just wondering I think last quarter you were the midpoint of your guidance for the year was $97 billion. Now the midpoint is $96.1 billion. And I'm wondering what has changed in terms of coming up weaker than your expectations, especially in light of the fact that it sounds like the AI pipeline is really strong. I think last quarter you said it was multiples of backlog, which would have put it at $11 billion to $13 billion. And you said it grew 50% sequentially. So are we looking at a backlog that's a pipeline, excuse me, that's like $16 billion or $17 billion. And why is that not informing a more optimistic view for Q4 than what you had 90 days ago? Thank you.",Alarmed
The J. M. Smucker Company,SJM,NYSE,2024-11-26,Robert Moskow,"Hi, thanks. I had a couple of questions about Hostess. One is, Mark, you mentioned that execution weakened. Can you give us a little more details on what aspect of that weakened and what caused it and how you can fix it? And then secondly, a broader question, I appreciate the plans to market Hostess more aggressively in first quarter '25, but are there any concerns internally about whether it might get drowned out? There's a lot of messaging from the new administration on Make America Healthy Again. I'm just wondering, is this the right time to be aggressively marketing indulgent snacks, and how do you think the consumer will receive it?",Alarmed
Elastic N.V.,ESTC,NYSE,2024-11-21,Howard Ma,"Great. Thank you. My question is for Janesh and/or Eric. So it sounds like you did not make up for the Q1 shortfall in customer commits in Q2, despite the bounce back. But when you factor in the acceleration in consumption trends, it sounds like maybe you were back on track with your revenue targets before the cut last quarter, and that you're just being a bit conservative with your back half assumptions. Is that true? Or maybe just asked another way, had you known you would achieve the Q2 performance that you did, both commits and consumption, would you still have lowered your full year guide last quarter?",Alarmed
Jack in the Box Inc.,JACK,NASDAQ,2024-11-20,Katherine Griffin,Hi. Thank you. This is Katherine Griffin on for Sara. We wanted to ask to what extent would you attribute the softer performance in the quarter to the demand backdrop in California versus your own sort of share loss or relative underperformance? Thank you.,Alarmed
Jack in the Box Inc.,JACK,NASDAQ,2024-11-20,Katherine Griffin,"No problem. I'll repeat it. Yeah, I just wanted to -- just trying to figure out the -- to what extent was the softer performance in the quarter a function of the broader demand backdrop in California versus your own share loss and relative underperformance?",Alarmed
Spire Inc.,SR,NYSE,2024-11-20,Bill Appicelli,"Hi, good morning, and congrats to Steve and Adam. I echo everyone else's sentiments there. Just wanted to dig into the, I guess, the Q4 results a bit. You guys had guided down full year earnings last quarter and then you came in a little bit light of the lowered expectations for the full-year. So I guess what happened there? Was it -- was it gas marketing? Was that -- I think you had modified that outlook to $27 million to $31 million for the full-year and you came in at $23 million. So was that what fell short of expectations in Q4 or can you share a little more color on that, please?",Alarmed
ZIM Integrated Shipping Services Ltd.,ZIM,NYSE,2024-11-20,Alexia Dogani,"Yes, hi, good afternoon. I had two questions. Just firstly very good to hear kind of the positive outlook that gives you the confidence to give some incremental special dividend near-term. What held you back from reversing the impairment you took last year? Because I believe that the impairment was driven by the kind of outlook of the market. Could you not reconsider that decision now that you suggest kind of things have improved more underlying? So that's my first question. And then secondly, can you just clarify, Xavier, what percent of your capacity is on this kind of smaller, less efficient vessels that could potentially come out in '25 should the market kind of turn out weaker? And then if I actually can ask one more. What are you hearing from your customers near-term? I mean is there scope for further inventory buildup into the first half of 2025 or kind of the duration kind of constrained the timing benefit of arriving in the US in the next couple of weeks? Thanks.",Alarmed
"Mitsubishi UFJ Financial Group, Inc.",MUFG,NYSE,2024-11-18,Ken Matsuda,"I am Matsuda from Daiwa Securities. I have two questions. First is about gain on sales of equity holdings and second is about your thinking behind this year's earnings. Regarding the first question, gain on sales, on Page 3 on FY'24 plans, looking at net operating profits and ordinary profits vis-a-vis initial targets, there seems to be positive $350 billion below net operating profits. Is this mostly gain on sales of equity holdings? In addition, if we look at the bar chart for this year, we can see that gain on sales of equity holdings are greater than the impact of the portfolio restructuring. But if larger gains on sale of equity holdings are included in the plan for this year, how should we think of the baseline for a gain on sales of equity holdings from next year onwards? My second question is on this year's profits. I think the macroeconomic environment is favorable due to the weak yen, and the FX assumption for the second half is JPY140. If profits are likely to be higher, thanks to the macro environment, are there any items that you can cut losses on? For example, I apologize for talking about other banks, but some banks have a recorded a lump sum provision for loss on interest repayment. Your group also has a subsidiary, ACOM. And I would like to know if you are considering similar costs for interest repayment or items where you can cut losses?",Alarmed
Grupo Aval Acciones y Valores S.A.,AVAL,NYSE,2024-11-14,Daniel Mora,"Hi, good morning and thank you for the presentation. I have three questions from our side. I would like to understand the first one. We have struck a clear downward trend in the consumer segment, but the commercial segment continues deteriorating. Why is the commercial segment taking longer than expected when compared to the consumer one? And I would like to understand if there is a particular sector showing even a more challenging scenario and when do you expect to see an improvement in this segment? That will be my first question. The second one is regarding NIM. I would like to understand if you can provide a further color regarding the NIM with and without the trading income. What was the strategy taken during this quarter that showed a strong improvement in the NIM of investment and should we consider this to be a one-off or can we expect a better performance going forward? And the last one in this question is can you repeat the guidance of the NIM for 2024 and 2025? Thank you so much. And the last one is regarding the loan program with the government. Can you repeat how much you have disbursed under this program and what are the conditions of these loans? Do they have a guarantee attached or a subsidy of interest rates? Thank you so much.",Alarmed
"Advance Auto Parts, Inc.",AAP,NYSE,2024-11-14,Unidentified Analyst,"That's helpful. Thank you. And then, just as a follow-up, so with the business comping down low single-digits, is this industry weakness or share loss and maybe it's a little bit of both? And can you help us think about the path back to positive territory moving forward?",Alarmed
Nu Holdings Ltd.,NU,NYSE,2024-11-13,Henrique Navarro,"Hi, thanks for the opportunity to make a question. I would like to do a follow up on the question on the growth mismatch between provisions and loans. I understand the rationale. You're changing the credit mix adding more secure personal loans. But my question is, if we look forward, the macro environment has been deteriorating. We have a higher estimates, et cetera. And under the expected credit loss provisioning model, we need to consider the macro environment to do our calculations. So my question is, what is the rationale for this behavior between provisions and loans? I mean, is there a risk that eventually you may need to reinforce provisions ahead? That's it. Thank you.",Alarmed
StoneCo Ltd.,STNE,NASDAQ,2024-11-12,Mario Pierry,"Hey, guys. Good evening. Congratulations on the quarter. I wanted to explore a little bit more exactly on the take rate and I think you answered part of that question -- in the previous question. But basically when we look at your MSMB take rates right like you were running at 2.58%, you were guiding for 2.49%. The mix has been weaker than expected given PIX. So why is your take rate higher than what you were expecting? Is it because you already started to implement higher prices for your clients? You said a lot, right, that the competitive environment is very rational or is it because the banking product is more profitable for you?",Alarmed
"Sunstone Hotel Investors, Inc.",SHO,NYSE,2024-11-12,Bryan Giglia,"Morning, Duane. Okay, so when we did the update in October, that was confined purely to the labor impact in San Diego. We didn’t provide anything else on the portfolio at that time because we were still within closing up the quarter and not seeing where everything was at that point. So that was that update. And Maui did underperform in Q3 and it continued into Q4 – and continues into Q4. And though it’s overall just a general leisure pickup has been slower in this market than some of the other markets. And when you look across the portfolio, our group is firing on all cylinders. Our business transient is doing very well. Leisure is kind of hit and miss where wine country, we’re seeing very promising results. And in other markets like Maui, Key West occupancy is there, but it’s a rate sensitive, it’s become a little bit more rate sensitive of market and Maui has struggled over the last couple of quarters. There is no relief business in there and we fully lapped that over last year. And so that’s not impacting anything now. The positive that we’ve seen in Maui, a couple things. One is that group picks up and group picks up very strong next year. We have some decent group in the fourth quarter, but 2025 and we’ve talked about this before, there’s a large group that’s on-island for two years and then off-island and this was an off-island year. So our group pace is very strong next year. The state of Hawaii has been putting money into some promotional campaigns for to promote Maui post-fire. We’re looking for to continue to do that. We’re getting great help from the brands and other distribution channels to help bring business back in there. The biggest positive we’ve seen recently is we’ve seen airline flights and seats declined steadily over or been down for over a year now. For the month of December where we’d actually seen that switch and so seats and flights are up about 5% and that mainly coming from the west coast. But that’s the biggest feeder market for Maui. And so that’s a big positive where we’ve seen, we actually see more lift going into the island. And I think where that’s – for the month of December, where that’s translated to is we’ve seen festive, very strong, festive is up, room nights significantly, rate is down. But it does allow the hotel to fill and allow the hotel to fill and do a few things, one, it gives it upsell opportunities. It has ancillary spending that’s very high at that hotel. And so total revenue is up for festive, room nights are up. And layering on top of that, our very strong pace for next year, gives us a lot more optimism as we look at Maui going forward.",Alarmed
